{"cameraMode":{"drawMode":0,"name":"Shaded","section":"Shading Mode"},"sceneLighting":false,"audioPlay":false,"sceneViewState":{"showFog":true,"showMaterialUpdate":true,"showSkybox":true,"showFlares":true,"showImageEffects":true,"showParticleSystems":true},"in2DMode":false,"pivot":{"x":-0.0030384957790374758,"y":0.10453179478645325,"z":-0.017990842461586},"rotation":{"x":-0.7829445004463196,"y":-0.002799361478537321,"z":0.003523292252793908,"w":-0.6220754384994507},"size":0.7745345234870911,"orthographic":true}