{"cameraMode":{"drawMode":0,"name":"Shaded","section":"Shading Mode"},"sceneLighting":true,"audioPlay":false,"sceneViewState":{"showFog":true,"showMaterialUpdate":true,"showSkybox":true,"showFlares":true,"showImageEffects":true,"showParticleSystems":true},"in2DMode":false,"pivot":{"x":-2.7644758224487306,"y":2.4258341789245607,"z":-0.36278587579727175},"rotation":{"x":-0.7024317383766174,"y":0.0014922221889719368,"z":-0.0014727500965818763,"w":-0.7117480039596558},"size":29.133010864257814,"orthographic":false}